Date,Home,Away,Result,Action,OddsHome,OddsDraw,OddsAway,Profit,Balance,Q_Values
2024-08-23,MGladbach,Leverkusen,A,Away,5.16,4.53,1.58,0.5800000000000001,100.58,"[53.404022216796875, 55.35905838012695, 62.54579544067383, 55.41917419433594, 58.08517074584961, 59.282047271728516, 57.893890380859375]"
2024-08-24,Freiburg,Stuttgart,H,Away,3.5,3.7,2.06,-1.0,99.58,"[61.538299560546875, 63.17830276489258, 64.71795654296875, 62.31165313720703, 62.947818756103516, 64.0060043334961, 63.17064666748047]"
2024-08-24,Hoffenheim,Holstein Kiel,H,Home,1.65,4.33,4.85,0.6499999999999999,100.23,"[66.60736083984375, 61.6942138671875, 64.22154998779297, 64.65189361572266, 64.83684539794922, 63.273860931396484, 64.81099700927734]"
2024-08-24,Dortmund,Ein Frankfurt,H,Home,1.71,4.31,4.39,0.71,100.94,"[61.93976593017578, 56.19949722290039, 58.04228210449219, 59.771461486816406, 60.34125518798828, 57.325218200683594, 59.71638488769531]"
2024-08-24,Mainz,Union Berlin,D,Away,2.05,3.3,4.01,-1.0,99.94,"[60.36187744140625, 58.99896240234375, 60.75178527832031, 59.920387268066406, 60.16901397705078, 59.21669387817383, 60.44533920288086]"
2024-08-24,RB Leipzig,Bochum,H,Home,1.25,6.58,10.53,0.25,100.19,"[57.98076248168945, 56.6486701965332, 53.678199768066406, 57.38047790527344, 56.66633224487305, 55.44741439819336, 56.940757751464844]"
2024-08-24,Augsburg,Werder Bremen,D,Away,2.28,3.56,3.07,-1.0,99.19,"[62.812313079833984, 61.17463684082031, 63.78728485107422, 62.261871337890625, 62.82781982421875, 62.67341995239258, 62.803382873535156]"
2024-08-25,St Pauli,Heidenheim,A,Away,2.12,3.5,3.46,2.46,101.64999999999999,"[52.362091064453125, 61.65346145629883, 66.49337768554688, 56.219200134277344, 58.152584075927734, 62.2733154296875, 59.24573516845703]"
2024-08-25,Wolfsburg,Bayern Munich,A,1X,6.32,4.93,1.46,-1.0,100.64999999999999,"[58.745849609375, 58.44728469848633, 58.749813079833984, 59.260826110839844, 58.15501022338867, 58.84504699707031, 58.67682647705078]"
2024-08-30,Union Berlin,St Pauli,H,Home,1.94,3.5,4.15,0.94,101.58999999999999,"[60.112709045410156, 59.604129791259766, 58.99559783935547, 59.65028381347656, 59.033233642578125, 59.48466873168945, 59.5900993347168]"
2024-08-31,Werder Bremen,Dortmund,D,Away,3.94,4.12,1.82,-1.0,100.58999999999999,"[54.202850341796875, 50.822540283203125, 57.32578659057617, 53.122169494628906, 55.00108337402344, 54.90467071533203, 54.610687255859375]"
2024-08-31,Bochum,MGladbach,A,Away,2.62,3.69,2.56,1.56,102.14999999999999,"[61.895111083984375, 63.501461029052734, 65.48999786376953, 62.621543884277344, 62.86370849609375, 64.12955474853516, 63.17387771606445]"
2024-08-31,Ein Frankfurt,Hoffenheim,H,Away,1.81,4.1,4.01,-1.0,101.14999999999999,"[65.0865249633789, 65.6087875366211, 70.18196868896484, 65.68939971923828, 66.80024719238281, 67.43024444580078, 66.913330078125]"
2024-08-31,Holstein Kiel,Wolfsburg,A,Away,3.2,3.69,2.18,1.1800000000000002,102.33,"[61.25541305541992, 64.70728302001953, 66.22943878173828, 63.316673278808594, 63.09418869018555, 64.8440933227539, 63.89039993286133]"
2024-08-31,Stuttgart,Mainz,D,Draw,1.65,4.24,5.02,3.24,105.57,"[62.107643127441406, 65.44013214111328, 62.36924362182617, 63.416717529296875, 62.07331085205078, 63.653079986572266, 63.0218391418457]"
2024-08-31,Leverkusen,RB Leipzig,A,Home,1.8,4.14,4.05,-1.0,104.57,"[57.55437469482422, 56.89361572265625, 56.110565185546875, 56.75385284423828, 56.17707824707031, 56.76680374145508, 56.675323486328125]"
2024-09-01,Bayern Munich,Freiburg,H,Draw,1.21,7.74,11.63,-1.0,103.57,"[41.643524169921875, 42.998878479003906, 38.791229248046875, 42.72228240966797, 41.11907196044922, 41.18051528930664, 41.809146881103516]"
2024-09-01,Heidenheim,Augsburg,H,X2,2.4,3.49,2.94,-1.0,102.57,"[58.202392578125, 59.51252365112305, 59.37154769897461, 58.38542556762695, 58.67326354980469, 60.007503509521484, 58.94214630126953]"
2024-09-13,Dortmund,Heidenheim,H,Away,1.39,5.26,7.6,-1.0,101.57,"[61.36956024169922, 58.9692497253418, 66.53596496582031, 60.61658477783203, 62.7419319152832, 63.10568618774414, 62.47480392456055]"
2024-09-14,Hoffenheim,Leverkusen,A,Away,5.78,4.94,1.5,0.5,102.07,"[54.9254150390625, 51.581478118896484, 59.20573043823242, 54.370628356933594, 56.69779586791992, 55.814762115478516, 56.060890197753906]"
2024-09-14,MGladbach,Stuttgart,A,Home,2.81,3.94,2.31,-1.0,101.07,"[61.49067687988281, 58.2396125793457, 59.85923767089844, 60.17287063598633, 61.03450012207031, 59.70634460449219, 60.59059524536133]"
2024-09-14,RB Leipzig,Union Berlin,D,Away,1.48,4.68,6.68,-1.0,100.07,"[50.3228759765625, 54.78475570678711, 55.87675094604492, 52.41429901123047, 52.898075103759766, 54.88474655151367, 53.44794845581055]"
2024-09-14,Wolfsburg,Ein Frankfurt,A,Draw,2.69,3.53,2.58,-1.0,99.07,"[55.28529357910156, 56.52968215942383, 55.29672622680664, 55.73902130126953, 55.39845275878906, 55.692134857177734, 55.81785583496094]"
2024-09-14,Holstein Kiel,Bayern Munich,A,Away,11.32,7.34,1.23,0.22999999999999998,99.3,"[43.11470031738281, 46.304508209228516, 49.96751022338867, 45.441497802734375, 46.638145446777344, 48.45323944091797, 46.79875183105469]"
2024-09-14,Freiburg,Bochum,H,NoBet,1.71,4.06,4.72,0.0,99.3,"[56.71497344970703, 56.95806884765625, 56.592315673828125, 57.09486389160156, 56.94393539428711, 56.60356521606445, 57.53486251831055]"
2024-09-15,Augsburg,St Pauli,H,Away,2.09,3.62,3.47,-1.0,98.3,"[61.61811828613281, 61.67026138305664, 66.29936981201172, 61.59233856201172, 62.704444885253906, 63.71700668334961, 62.82619094848633]"
2024-09-15,Mainz,Werder Bremen,A,Away,2.04,3.66,3.57,2.57,100.86999999999999,"[53.7308464050293, 50.40638732910156, 56.030494689941406, 52.46305465698242, 53.82349395751953, 53.46921920776367, 53.827064514160156]"
2024-09-20,Augsburg,Mainz,A,Home,2.42,3.54,2.9,-1.0,99.86999999999999,"[64.90669250488281, 62.67412185668945, 59.04170227050781, 63.57386016845703, 62.31820297241211, 61.47183609008789, 62.59525680541992]"
2024-09-21,Werder Bremen,Bayern Munich,A,Home,7.74,5.57,1.36,-1.0,98.86999999999999,"[65.01512145996094, 61.508358001708984, 59.55184555053711, 62.98563766479492, 61.9714469909668, 61.685420989990234, 61.82590103149414]"
2024-09-21,Ein Frankfurt,MGladbach,H,Draw,1.78,4.13,4.18,-1.0,97.86999999999999,"[55.78931427001953, 57.05832290649414, 53.38247299194336, 56.366371154785156, 54.5655517578125, 55.369266510009766, 55.38582992553711]"
2024-09-21,Union Berlin,Hoffenheim,H,Home,2.03,3.68,3.58,1.0299999999999998,98.89999999999999,"[56.79612731933594, 53.284786224365234, 54.92395782470703, 55.43852233886719, 55.828060150146484, 54.36635971069336, 55.68915557861328]"
2024-09-21,Heidenheim,Freiburg,A,Draw,2.72,3.46,2.59,-1.0,97.89999999999999,"[61.856201171875, 63.671024322509766, 63.14763259887695, 62.175479888916016, 62.05891418457031, 63.26345443725586, 62.379024505615234]"
2024-09-21,Bochum,Holstein Kiel,D,Draw,1.98,3.73,3.68,2.73,100.63,"[68.77561950683594, 71.45565032958984, 66.01473236083984, 69.51670837402344, 67.04203033447266, 68.63813018798828, 68.24757385253906]"
2024-09-22,St Pauli,RB Leipzig,D,Draw,5.11,4.15,1.64,3.1500000000000004,103.78,"[60.64385986328125, 66.36534881591797, 59.30182647705078, 62.015811920166016, 60.134002685546875, 62.72842788696289, 61.171634674072266]"
2024-09-22,Stuttgart,Dortmund,H,Home,2.31,3.82,2.86,1.31,105.09,"[62.10107421875, 60.203983306884766, 59.58979797363281, 61.33528518676758, 60.72357177734375, 60.237281799316406, 61.25859832763672]"
2024-09-22,Leverkusen,Wolfsburg,H,Home,1.3,5.83,9.28,0.30000000000000004,105.39,"[63.12345504760742, 62.53650665283203, 59.23185729980469, 62.78842544555664, 61.26264190673828, 60.9946403503418, 61.92903518676758]"
2024-09-27,Dortmund,Bochum,H,1X,1.24,6.99,10.74,0.053171324422843114,105.44317132442285,"[42.66346740722656, 41.8182258605957, 40.12266540527344, 42.82905197143555, 42.15121078491211, 41.2010612487793, 42.694522857666016]"
2024-09-28,Wolfsburg,Stuttgart,D,X2,3.22,3.89,2.1,0.36377295492487494,105.80694427934772,"[60.85212707519531, 60.9559440612793, 60.39486312866211, 60.93711471557617, 60.63352584838867, 60.979862213134766, 60.96718978881836]"
2024-09-28,Bayern Munich,Leverkusen,D,Draw,1.73,4.41,4.22,3.41,109.21694427934771,"[49.590572357177734, 53.18099594116211, 52.813682556152344, 51.57853317260742, 50.91226577758789, 52.38874435424805, 51.92029571533203]"
2024-09-28,RB Leipzig,Augsburg,H,Home,1.42,5.22,6.88,0.41999999999999993,109.63694427934772,"[56.484649658203125, 54.07621765136719, 52.02951431274414, 55.83979797363281, 54.97400665283203, 53.2830696105957, 55.207210540771484]"
2024-09-28,MGladbach,Union Berlin,H,Away,2.12,3.54,3.47,-1.0,108.63694427934772,"[53.3614387512207, 54.43291473388672, 58.48517608642578, 54.155731201171875, 55.60715866088867, 56.527217864990234, 55.857662200927734]"
2024-09-28,Freiburg,St Pauli,A,Draw,1.63,4.08,5.44,-1.0,107.63694427934772,"[61.843360900878906, 65.33262634277344, 59.4443359375, 62.925472259521484, 60.835426330566406, 62.545406341552734, 62.381385803222656]"
2024-09-28,Mainz,Heidenheim,A,Away,1.85,3.8,4.2,3.2,110.83694427934772,"[54.18398666381836, 53.53476333618164, 58.921695709228516, 54.06947326660156, 55.36138153076172, 56.02805709838867, 55.526268005371094]"
2024-09-29,Holstein Kiel,Ein Frankfurt,A,Draw,4.41,4.24,1.72,-1.0,109.83694427934772,"[48.77665328979492, 57.143123626708984, 53.94348907470703, 51.95136642456055, 51.47589111328125, 54.70687484741211, 52.36104965209961]"
2024-09-29,Hoffenheim,Werder Bremen,A,Away,2.36,3.8,2.8,1.7999999999999998,111.63694427934772,"[59.5623779296875, 63.37546920776367, 63.772491455078125, 61.00554275512695, 60.82563781738281, 63.18900680541992, 61.620147705078125]"
2024-10-04,Augsburg,MGladbach,H,Draw,2.43,3.75,2.75,-1.0,110.63694427934772,"[59.06061553955078, 60.63821029663086, 56.110130310058594, 59.162925720214844, 57.65309143066406, 58.494239807128906, 58.350887298583984]"
2024-10-05,Bochum,Wolfsburg,A,Home,3.03,3.75,2.24,-1.0,109.63694427934772,"[62.37030029296875, 61.52592849731445, 61.194889068603516, 61.977882385253906, 61.587284088134766, 61.32509231567383, 61.867515563964844]"
2024-10-05,Leverkusen,Holstein Kiel,D,Away,1.09,12.54,25.37,-1.0,108.63694427934772,"[50.60755920410156, 49.086666107177734, 52.43644332885742, 50.7189826965332, 51.9301872253418, 51.29969787597656, 52.09091567993164]"
2024-10-05,Union Berlin,Dortmund,H,Away,3.37,3.53,2.16,-1.0,107.63694427934772,"[54.668556213378906, 54.20943832397461, 57.605186462402344, 54.32742691040039, 55.885345458984375, 56.1893196105957, 55.87173080444336]"
2024-10-05,Werder Bremen,Freiburg,A,Draw,2.61,3.63,2.61,-1.0,106.63694427934772,"[61.938289642333984, 64.18517303466797, 61.98218536376953, 62.87578582763672, 61.6182975769043, 62.606407165527344, 62.307796478271484]"
2024-10-05,St Pauli,Mainz,A,Draw,2.44,3.42,2.93,-1.0,105.63694427934772,"[61.20551300048828, 61.6996955871582, 60.45903778076172, 60.78068542480469, 60.402000427246094, 61.06223678588867, 60.967315673828125]"
2024-10-06,Stuttgart,Hoffenheim,D,NoBet,1.31,6.32,8.07,0.0,105.63694427934772,"[37.03523254394531, 37.023921966552734, 38.153648376464844, 37.958099365234375, 38.88178634643555, 38.00022506713867, 39.165470123291016]"
2024-10-06,Ein Frankfurt,Bayern Munich,D,Home,5.51,4.85,1.52,-1.0,104.63694427934772,"[56.718711853027344, 54.874752044677734, 52.77659606933594, 55.904720306396484, 54.66571044921875, 54.5640983581543, 55.02402114868164]"
2024-10-06,Heidenheim,RB Leipzig,A,Home,4.64,4.23,1.69,-1.0,103.63694427934772,"[66.616455078125, 61.13782501220703, 61.43471145629883, 63.649635314941406, 63.587791442871094, 62.344303131103516, 63.25859451293945]"
2024-10-18,Dortmund,St Pauli,H,Away,1.31,5.72,9.79,-1.0,102.63694427934772,"[59.35249710083008, 60.74797439575195, 62.402347564697266, 60.213104248046875, 60.482330322265625, 61.3737907409668, 60.72212600708008]"
2024-10-19,Bayern Munich,Stuttgart,H,Away,1.35,5.77,7.7,-1.0,101.63694427934772,"[57.819427490234375, 61.018802642822266, 62.571128845214844, 59.37759780883789, 59.23953628540039, 61.212074279785156, 59.9243278503418]"
2024-10-19,MGladbach,Heidenheim,H,Draw,1.85,3.8,4.21,-1.0,100.63694427934772,"[57.845741271972656, 59.075199127197266, 58.63275909423828, 58.14717483520508, 58.13028335571289, 58.519371032714844, 58.7411994934082]"
2024-10-19,Mainz,RB Leipzig,A,Draw,4.04,3.83,1.88,-1.0,99.63694427934772,"[59.728702545166016, 60.61854934692383, 55.84265899658203, 58.80986404418945, 57.602088928222656, 58.61298751831055, 58.1273078918457]"
2024-10-19,Leverkusen,Ein Frankfurt,H,Away,1.45,5.04,6.32,-1.0,98.63694427934772,"[58.69334411621094, 56.238460540771484, 61.589874267578125, 58.30473709106445, 59.64617919921875, 58.92654800415039, 59.4390754699707]"
2024-10-19,Hoffenheim,Bochum,H,Draw,1.7,4.44,4.38,-1.0,97.63694427934772,"[67.5907211303711, 68.63660430908203, 65.2516860961914, 67.37753295898438, 66.19664764404297, 67.07282257080078, 66.83702087402344]"
2024-10-19,Freiburg,Augsburg,H,Home,1.74,3.91,4.75,0.74,98.37694427934771,"[56.8465690612793, 54.09636306762695, 50.093414306640625, 55.651885986328125, 54.169471740722656, 52.59059524536133, 54.81970977783203]"
2024-10-20,Wolfsburg,Werder Bremen,A,Draw,2.07,3.66,3.44,-1.0,97.37694427934771,"[57.507686614990234, 58.417354583740234, 57.385597229003906, 58.08559036254883, 57.18680191040039, 58.08250427246094, 57.98297119140625]"
2024-10-20,Holstein Kiel,Union Berlin,A,X2,3.44,3.42,2.16,0.3238709677419356,97.70081524708965,"[48.72737121582031, 52.960567474365234, 52.9470100402832, 50.547203063964844, 50.71039962768555, 52.9928092956543, 51.47457504272461]"
2024-10-25,Mainz,MGladbach,D,Home,2.35,3.76,2.86,-1.0,96.70081524708965,"[58.94742202758789, 56.785675048828125, 47.52881622314453, 56.972007751464844, 53.97010803222656, 52.70492172241211, 54.61943435668945]"
2024-10-26,RB Leipzig,Freiburg,H,Draw,1.73,4.12,4.52,-1.0,95.70081524708965,"[55.609886169433594, 59.93373489379883, 56.77241134643555, 57.28739929199219, 55.967613220214844, 57.69587326049805, 56.87606430053711]"
2024-10-26,Augsburg,Dortmund,H,Draw,3.73,3.96,1.91,-1.0,94.70081524708965,"[55.44179153442383, 58.14335632324219, 57.004966735839844, 56.45500183105469, 56.02831268310547, 57.355106353759766, 56.85147476196289]"
2024-10-26,St Pauli,Wolfsburg,D,Draw,2.61,3.46,2.68,2.46,97.16081524708964,"[55.28876495361328, 57.242549896240234, 55.76030731201172, 56.04668045043945, 55.588985443115234, 55.84492874145508, 56.2127799987793]"
2024-10-26,Stuttgart,Holstein Kiel,H,Away,1.23,7.14,10.95,-1.0,96.16081524708964,"[38.379150390625, 39.63410568237305, 41.94825744628906, 40.265506744384766, 40.916587829589844, 40.985469818115234, 41.49904251098633]"
2024-10-26,Werder Bremen,Leverkusen,D,Away,5.64,4.9,1.51,-1.0,95.16081524708964,"[50.53032684326172, 43.9460334777832, 51.61792755126953, 48.7928352355957, 50.969085693359375, 48.941497802734375, 50.10279083251953]"
2024-10-27,Heidenheim,Hoffenheim,D,12,2.29,3.65,2.98,-1.0,94.16081524708964,"[47.712066650390625, 44.40359878540039, 47.963470458984375, 46.496673583984375, 48.359718322753906, 47.3895149230957, 47.874977111816406]"
2024-10-27,Bochum,Bayern Munich,A,Away,14.44,9.35,1.15,0.1499999999999999,94.31081524708965,"[62.09856414794922, 59.21208190917969, 63.176849365234375, 61.721282958984375, 62.824771881103516, 62.04918670654297, 62.4784049987793]"
2024-10-27,Union Berlin,Ein Frankfurt,D,Away,2.58,3.37,2.76,-1.0,93.31081524708965,"[58.98487854003906, 54.91819381713867, 59.420326232910156, 57.345062255859375, 58.64979553222656, 57.50605773925781, 58.170223236083984]"
2024-11-01,Leverkusen,Stuttgart,D,Home,1.56,4.8,5.16,-1.0,92.31081524708965,"[62.60211944580078, 61.75338363647461, 59.46052932739258, 62.31289291381836, 61.00048828125, 60.88657760620117, 61.533512115478516]"
2024-11-02,Hoffenheim,St Pauli,A,Draw,1.88,3.91,3.9,-1.0,91.31081524708965,"[56.758941650390625, 64.06668090820312, 58.60267639160156, 59.10425567626953, 57.04299545288086, 60.72847366333008, 58.476043701171875]"
2024-11-02,Wolfsburg,Augsburg,D,Draw,2.01,3.83,3.53,2.83,94.14081524708965,"[55.9425048828125, 57.66960525512695, 56.0573844909668, 56.87718200683594, 56.184471130371094, 57.3001594543457, 56.76722717285156]"
2024-11-02,Ein Frankfurt,Bochum,H,Home,1.33,5.88,8.06,0.33000000000000007,94.47081524708965,"[61.63653564453125, 57.78045654296875, 56.18080139160156, 60.44028091430664, 59.32928466796875, 57.491424560546875, 59.59758377075195]"
2024-11-02,Holstein Kiel,Heidenheim,H,Away,2.79,3.49,2.51,-1.0,93.47081524708965,"[56.58489227294922, 61.2681999206543, 63.270469665527344, 58.76578140258789, 59.36888122558594, 62.01177978515625, 60.126678466796875]"
2024-11-02,Bayern Munich,Union Berlin,H,X2,1.17,7.97,15.38,-1.0,92.47081524708965,"[66.98031616210938, 66.88589477539062, 65.65737915039062, 66.35543060302734, 65.89038848876953, 67.0129623413086, 66.19645690917969]"
2024-11-02,Dortmund,RB Leipzig,H,Home,2.25,3.77,3.03,1.25,93.72081524708965,"[58.428470611572266, 54.0305290222168, 54.26483917236328, 56.1669921875, 56.514503479003906, 54.730953216552734, 56.037174224853516]"
2024-11-03,Freiburg,Mainz,D,Draw,1.7,3.95,4.84,2.95,96.67081524708965,"[57.061431884765625, 58.26883316040039, 54.83806228637695, 57.27880096435547, 55.76369857788086, 56.80984878540039, 56.73704528808594]"
2024-11-03,MGladbach,Werder Bremen,H,Draw,2.1,3.87,3.18,-1.0,95.67081524708965,"[56.420387268066406, 57.417728424072266, 55.372066497802734, 56.63771438598633, 55.72601318359375, 56.3606071472168, 56.5479850769043]"
2024-11-08,Union Berlin,Freiburg,D,Home,2.52,3.18,3.04,-1.0,94.67081524708965,"[59.64350128173828, 53.13215637207031, 59.003021240234375, 57.11461639404297, 58.79339599609375, 56.695186614990234, 57.97307205200195]"
2024-11-09,Werder Bremen,Holstein Kiel,H,Draw,1.64,4.3,4.93,-1.0,93.67081524708965,"[63.44596481323242, 65.26053619384766, 63.27521514892578, 64.13624572753906, 62.983612060546875, 64.12907409667969, 63.75533676147461]"
2024-11-09,Mainz,Dortmund,H,Draw,3.46,3.74,2.06,-1.0,92.67081524708965,"[54.537567138671875, 55.81974411010742, 52.695068359375, 54.30573654174805, 53.76182174682617, 54.84450149536133, 54.28166580200195]"
2024-11-09,Bochum,Leverkusen,D,Home,10.15,6.68,1.26,-1.0,91.67081524708965,"[57.34355163574219, 51.79609680175781, 52.81385803222656, 55.379188537597656, 55.55876159667969, 53.24547576904297, 55.61277770996094]"
2024-11-09,RB Leipzig,MGladbach,D,Draw,1.59,4.59,5.08,3.59,95.26081524708965,"[64.77796936035156, 66.0096206665039, 59.156105041503906, 64.69145965576172, 62.246402740478516, 62.43396759033203, 63.17371368408203]"
2024-11-09,St Pauli,Bayern Munich,A,X2,11.42,6.92,1.23,0.04436809815950915,95.30518334524916,"[59.649471282958984, 60.973331451416016, 61.43103790283203, 60.1460075378418, 61.07455825805664, 61.926856994628906, 60.6544075012207]"
2024-11-10,Heidenheim,Wolfsburg,A,Home,2.83,3.33,2.54,-1.0,94.30518334524916,"[66.7463607788086, 63.65287399291992, 64.21910095214844, 65.2055892944336, 65.31005096435547, 64.27423858642578, 65.27206420898438]"
2024-11-10,Stuttgart,Ein Frankfurt,A,12,1.91,4.04,3.65,0.25386690647482024,94.55905025172399,"[57.86803436279297, 56.749839782714844, 57.7004280090332, 57.75197219848633, 58.285240173339844, 57.60874938964844, 57.97975158691406]"
2024-11-10,Augsburg,Hoffenheim,D,Draw,2.1,3.79,3.25,2.79,97.349050251724,"[61.30620574951172, 64.59053039550781, 63.88772964477539, 62.60728454589844, 62.13300704956055, 63.627532958984375, 62.82659149169922]"
2024-11-22,Bayern Munich,Augsburg,H,Away,1.12,10.21,19.53,-1.0,96.349050251724,"[71.43667602539062, 75.75200653076172, 77.40577697753906, 72.76744842529297, 73.37093353271484, 76.52201080322266, 74.06263732910156]"
2024-11-23,Dortmund,Freiburg,H,Draw,1.68,4.2,4.73,-1.0,95.349050251724,"[57.8666877746582, 58.95078659057617, 55.06639099121094, 58.32991027832031, 56.729339599609375, 56.81863021850586, 57.32480239868164]"
2024-11-23,Wolfsburg,Union Berlin,H,Home,2.32,3.3,3.24,1.3199999999999998,96.66905025172399,"[61.847496032714844, 61.628658294677734, 61.22603225708008, 61.654640197753906, 61.13636779785156, 61.15109634399414, 61.632850646972656]"
2024-11-23,Leverkusen,Heidenheim,H,Draw,1.19,7.63,13.79,-1.0,95.66905025172399,"[68.17559814453125, 69.98389434814453, 65.66097259521484, 68.87889099121094, 67.76136016845703, 67.83179473876953, 68.4539794921875]"
2024-11-23,Hoffenheim,RB Leipzig,H,Draw,3.39,3.66,2.1,-1.0,94.66905025172399,"[60.45223617553711, 62.30183792114258, 56.630882263183594, 60.10137939453125, 58.378257751464844, 59.37783432006836, 59.08323669433594]"
2024-11-23,Ein Frankfurt,Werder Bremen,H,Draw,1.71,4.25,4.46,-1.0,93.66905025172399,"[49.137001037597656, 50.65671920776367, 49.949989318847656, 49.87030792236328, 49.26856994628906, 50.42391586303711, 49.993133544921875]"
2024-11-23,Stuttgart,Bochum,H,NoBet,1.31,6.11,8.33,0.0,93.66905025172399,"[45.68976974487305, 43.67036056518555, 45.23217010498047, 46.02125549316406, 46.6363525390625, 45.03629684448242, 46.85029983520508]"
2024-11-24,MGladbach,St Pauli,H,Draw,1.81,3.77,4.34,-1.0,92.66905025172399,"[58.23848342895508, 62.9423713684082, 61.1295280456543, 60.092140197753906, 59.54851531982422, 61.4688835144043, 60.6148567199707]"
2024-11-24,Holstein Kiel,Mainz,A,Draw,3.07,3.49,2.3,-1.0,91.66905025172399,"[56.639671325683594, 60.7792854309082, 60.30519104003906, 58.29046630859375, 58.03693389892578, 60.39506530761719, 58.86024856567383]"
2024-11-29,St Pauli,Holstein Kiel,H,Draw,1.71,3.79,5.11,-1.0,90.66905025172399,"[63.63713073730469, 71.52568817138672, 70.99735260009766, 66.99148559570312, 66.69695281982422, 69.72882843017578, 67.9471435546875]"
2024-11-30,Dortmund,Bayern Munich,D,Home,4.54,4.32,1.69,-1.0,89.66905025172399,"[69.2958984375, 65.54668426513672, 65.05445861816406, 67.20944213867188, 67.49053192138672, 66.1393051147461, 66.85355377197266]"
2024-11-30,Werder Bremen,Stuttgart,D,Home,3.0,3.75,2.25,-1.0,88.66905025172399,"[68.53897857666016, 66.6171875, 65.19776916503906, 67.37177276611328, 66.4715805053711, 66.38520812988281, 66.74993133544922]"
2024-11-30,Union Berlin,Leverkusen,A,Away,4.65,3.83,1.76,0.76,89.429050251724,"[58.0333137512207, 56.076499938964844, 59.90435791015625, 57.894752502441406, 58.72576141357422, 58.72554397583008, 58.66303634643555]"
2024-11-30,RB Leipzig,Wolfsburg,A,Home,1.69,4.12,4.75,-1.0,88.429050251724,"[57.627174377441406, 54.99006271362305, 55.266746520996094, 56.79795837402344, 56.56960678100586, 55.078121185302734, 56.61016845703125]"
2024-11-30,Freiburg,MGladbach,H,Draw,2.0,3.75,3.59,-1.0,87.429050251724,"[67.60990905761719, 70.00692749023438, 65.81807708740234, 68.18035888671875, 66.81065368652344, 67.72418212890625, 67.76881408691406]"
2024-11-30,Augsburg,Bochum,H,Away,1.73,3.96,4.69,-1.0,86.429050251724,"[56.047630310058594, 59.242713928222656, 61.06952667236328, 57.66154479980469, 57.89906311035156, 59.693599700927734, 58.542179107666016]"
2024-12-01,Mainz,Hoffenheim,H,Home,2.08,3.61,3.45,1.08,87.50905025172399,"[55.32653045654297, 51.51498031616211, 53.22589874267578, 53.58624267578125, 54.14021301269531, 53.02981185913086, 54.05274963378906]"
2024-12-01,Heidenheim,Ein Frankfurt,A,Away,3.73,3.69,1.97,0.97,88.47905025172399,"[54.5394287109375, 55.404945373535156, 55.82470703125, 54.703189849853516, 55.13164520263672, 55.794315338134766, 55.137298583984375]"
2024-12-06,Stuttgart,Union Berlin,H,Home,1.83,3.58,4.64,0.8300000000000001,89.30905025172399,"[59.189674377441406, 56.048583984375, 58.32096481323242, 58.171287536621094, 58.821556091308594, 57.30632019042969, 58.73187255859375]"
2024-12-07,Leverkusen,St Pauli,H,Home,1.24,6.57,11.8,0.24,89.54905025172398,"[64.29421997070312, 62.1150016784668, 62.16355895996094, 63.442691802978516, 62.27176284790039, 62.45734786987305, 62.926055908203125]"
2024-12-07,Bochum,Werder Bremen,A,Draw,3.14,3.62,2.23,-1.0,88.54905025172398,"[63.35786056518555, 64.27942657470703, 59.64341735839844, 63.10224151611328, 61.44483947753906, 62.44809341430664, 62.23270034790039]"
2024-12-07,Bayern Munich,Heidenheim,H,X2,1.09,12.51,23.3,-1.0,87.54905025172398,"[59.86467742919922, 63.72343826293945, 62.45685958862305, 61.05326843261719, 62.226165771484375, 64.10293579101562, 62.496219635009766]"
2024-12-07,Ein Frankfurt,Augsburg,D,Draw,1.55,4.36,5.89,3.3600000000000003,90.90905025172398,"[54.919822692871094, 55.37788772583008, 51.15987777709961, 54.85932159423828, 53.30337905883789, 53.10786056518555, 53.97906494140625]"
2024-12-07,Holstein Kiel,RB Leipzig,A,Draw,5.36,4.37,1.59,-1.0,89.90905025172398,"[62.692012786865234, 68.7669906616211, 68.13807678222656, 65.26964569091797, 64.77046203613281, 68.10740661621094, 65.6957015991211]"
2024-12-07,MGladbach,Dortmund,D,Draw,3.23,3.89,2.1,2.89,92.79905025172398,"[60.34699249267578, 61.708126068115234, 55.65684509277344, 60.33216857910156, 58.703773498535156, 59.42824935913086, 59.50436782836914]"
2024-12-08,Hoffenheim,Freiburg,D,Draw,2.71,3.47,2.54,2.47,95.26905025172398,"[60.774375915527344, 64.03321075439453, 63.12492752075195, 61.89232635498047, 61.482391357421875, 62.88663864135742, 62.01462173461914]"
2024-12-08,Wolfsburg,Mainz,H,Draw,2.15,3.42,3.46,-1.0,94.26905025172398,"[50.580665588378906, 56.2451286315918, 52.10409164428711, 52.562469482421875, 51.05557632446289, 53.89021682739258, 52.370304107666016]"
2024-12-13,Freiburg,Wolfsburg,H,Home,2.22,3.41,3.3,1.2200000000000002,95.48905025172398,"[70.1448974609375, 70.04379272460938, 69.6457748413086, 69.78129577636719, 69.5736083984375, 70.0245590209961, 69.84725189208984]"
2024-12-14,Mainz,Bayern Munich,H,Home,6.54,4.69,1.47,5.54,101.02905025172399,"[67.81016540527344, 63.02959060668945, 58.364620208740234, 64.83451843261719, 62.97803497314453, 62.140907287597656, 62.90802764892578]"
2024-12-14,MGladbach,Holstein Kiel,H,Draw,1.44,4.89,6.63,-1.0,100.02905025172399,"[66.28646850585938, 67.12552642822266, 65.38256072998047, 67.01131439208984, 65.6850357055664, 66.04830169677734, 66.6250991821289]"
2024-12-14,Augsburg,Leverkusen,A,Home,5.47,4.2,1.59,-1.0,99.02905025172399,"[66.07283020019531, 61.05230712890625, 63.703857421875, 64.1549301147461, 65.11322784423828, 63.47731399536133, 64.90415954589844]"
2024-12-14,St Pauli,Werder Bremen,A,Away,2.64,3.4,2.66,1.6600000000000001,100.68905025172398,"[56.68064498901367, 56.100303649902344, 61.52751922607422, 56.5562629699707, 58.30253982543945, 58.56434631347656, 58.34702682495117]"
2024-12-14,Union Berlin,Bochum,D,Home,1.59,3.94,6.09,-1.0,99.68905025172398,"[64.54386138916016, 60.76951217651367, 62.01775360107422, 63.446800231933594, 63.36338806152344, 61.64918899536133, 63.41230773925781]"
2024-12-15,RB Leipzig,Ein Frankfurt,H,Home,2.1,3.86,3.18,1.1,100.78905025172398,"[54.876285552978516, 50.64016342163086, 54.675079345703125, 53.32623291015625, 54.52750778198242, 52.97148513793945, 53.879981994628906]"
2024-12-15,Heidenheim,Stuttgart,A,Home,4.09,3.89,1.82,-1.0,99.78905025172398,"[64.10061645507812, 59.05146026611328, 53.21995544433594, 61.49183654785156, 59.3975830078125, 57.5873908996582, 59.66257095336914]"
2024-12-15,Dortmund,Hoffenheim,D,Away,1.44,5.01,6.34,-1.0,98.78905025172398,"[63.76508331298828, 63.429203033447266, 64.14237213134766, 63.7520866394043, 63.862571716308594, 63.331756591796875, 63.93327331542969]"
2024-12-20,Bayern Munich,RB Leipzig,H,Away,1.22,7.04,11.46,-1.0,97.78905025172398,"[51.58464431762695, 53.350730895996094, 57.686683654785156, 52.847511291503906, 53.507469177246094, 55.11293411254883, 53.9486198425293]"
2024-12-21,Leverkusen,Freiburg,H,Home,1.38,5.03,8.04,0.3799999999999999,98.16905025172397,"[57.89027786254883, 55.09055709838867, 55.264827728271484, 56.90643310546875, 56.1710319519043, 55.47956848144531, 56.26176452636719]"
2024-12-21,Stuttgart,St Pauli,A,X2,1.47,4.64,6.51,1.7090941704035871,99.87814442212756,"[61.00445556640625, 63.30388259887695, 63.39183807373047, 62.55586242675781, 61.98196792602539, 63.43802261352539, 62.88869094848633]"
2024-12-21,Holstein Kiel,Augsburg,H,Away,3.05,3.31,2.4,-1.0,98.87814442212756,"[56.29586410522461, 55.43449783325195, 58.801551818847656, 56.208580017089844, 57.344390869140625, 57.19881057739258, 57.188812255859375]"
2024-12-21,Hoffenheim,MGladbach,A,Home,2.35,3.69,2.85,-1.0,97.87814442212756,"[62.5272216796875, 61.93171691894531, 57.88314437866211, 61.648258209228516, 60.06707763671875, 60.131675720214844, 60.44797134399414]"
2024-12-21,Ein Frankfurt,Mainz,A,Home,1.84,3.95,3.97,-1.0,96.87814442212756,"[58.07091522216797, 56.954036712646484, 52.32593536376953, 57.328834533691406, 55.02176284790039, 54.944828033447266, 56.02073287963867]"
2024-12-21,Werder Bremen,Union Berlin,H,Away,2.1,3.37,3.64,-1.0,95.87814442212756,"[64.23896789550781, 64.22034454345703, 65.81126403808594, 64.31976318359375, 64.37754821777344, 64.31766510009766, 64.62490844726562]"
2024-12-22,Wolfsburg,Dortmund,A,Home,3.05,3.67,2.23,-1.0,94.87814442212756,"[58.692691802978516, 58.28390884399414, 57.415653228759766, 58.31440734863281, 57.878387451171875, 58.62828063964844, 58.30693435668945]"
2024-12-22,Bochum,Heidenheim,H,NoBet,2.32,3.52,2.98,0.0,94.87814442212756,"[56.36073684692383, 55.3731689453125, 56.57688522338867, 55.91503143310547, 56.700157165527344, 55.88496017456055, 56.706695556640625]"
2025-01-10,Dortmund,Leverkusen,A,Draw,2.82,3.55,2.43,-1.0,93.87814442212756,"[62.36433410644531, 64.62906646728516, 63.60594940185547, 63.61604690551758, 63.448455810546875, 63.57755661010742, 63.92246627807617]"
2025-01-11,Hoffenheim,Wolfsburg,A,Away,2.43,3.45,2.87,1.87,95.74814442212757,"[60.73275375366211, 65.39583587646484, 66.18163299560547, 62.575584411621094, 62.89080810546875, 64.93668365478516, 63.471614837646484]"
2025-01-11,Mainz,Bochum,H,Away,1.56,4.28,5.76,-1.0,94.74814442212757,"[57.172119140625, 58.86404037475586, 61.15999221801758, 58.35915756225586, 58.79277420043945, 59.27375030517578, 59.359439849853516]"
2025-01-11,St Pauli,Ein Frankfurt,A,Draw,3.57,3.47,2.08,-1.0,93.74814442212757,"[64.35409545898438, 67.51892852783203, 64.48700714111328, 65.19490814208984, 64.5373764038086, 65.64424896240234, 65.11872863769531]"
2025-01-11,M'gladbach,Bayern Munich,A,X2,6.8,5.23,1.4,0.10437405731523386,93.85251847944281,"[62.87772750854492, 62.994014739990234, 63.18633270263672, 63.492042541503906, 62.99260330200195, 63.5997428894043, 62.97789764404297]"
2025-01-11,Freiburg,Holstein Kiel,H,Draw,1.39,4.98,7.58,-1.0,92.85251847944281,"[64.29190063476562, 68.3995132446289, 63.34565353393555, 66.3629379272461, 63.90367126464844, 65.6745376586914, 65.43251037597656]"
2025-01-11,Heidenheim,Union Berlin,H,Home,3.17,3.26,2.34,2.17,95.02251847944281,"[59.648643493652344, 51.63328552246094, 52.49433898925781, 55.715423583984375, 56.51472854614258, 53.84659194946289, 55.87849807739258]"
2025-01-12,Augsburg,Stuttgart,A,X2,3.61,3.65,1.99,0.2878546099290782,95.3103730893719,"[59.73599624633789, 58.945621490478516, 59.667362213134766, 59.49836730957031, 59.8404655456543, 59.93430709838867, 59.69832992553711]"
2025-01-12,RB Leipzig,Werder Bremen,H,Away,1.75,4.11,4.22,-1.0,94.3103730893719,"[53.89226150512695, 55.05755615234375, 55.50834655761719, 54.34787368774414, 54.289390563964844, 55.41035842895508, 54.79799270629883]"
2025-01-14,Holstein Kiel,Dortmund,H,Away,5.41,4.64,1.55,-1.0,93.3103730893719,"[58.88676834106445, 61.85294723510742, 65.30399322509766, 60.48457717895508, 61.449432373046875, 63.96854019165039, 61.86848449707031]"
2025-01-14,Leverkusen,Mainz,H,Draw,1.37,5.12,8.38,-1.0,92.3103730893719,"[61.25392150878906, 62.15035629272461, 58.046600341796875, 61.326805114746094, 59.14008712768555, 60.362979888916016, 60.043582916259766]"
2025-01-14,Wolfsburg,M'gladbach,H,Draw,1.96,3.8,3.69,-1.0,91.3103730893719,"[59.75891876220703, 65.65357971191406, 63.61174774169922, 62.79302215576172, 61.24711608886719, 64.53324890136719, 62.46976089477539]"
2025-01-14,Ein Frankfurt,Freiburg,H,Draw,1.71,4.12,4.53,-1.0,90.3103730893719,"[56.65831756591797, 58.02505111694336, 55.88239669799805, 57.21160888671875, 56.32469940185547, 57.16154861450195, 56.728755950927734]"
2025-01-15,Bochum,St Pauli,H,Draw,2.59,3.27,2.81,-1.0,89.3103730893719,"[59.11847686767578, 60.8952522277832, 58.4154167175293, 59.47677993774414, 58.55033874511719, 59.43027114868164, 59.163818359375]"
2025-01-15,Werder Bremen,Heidenheim,D,Away,1.63,4.26,4.92,-1.0,88.3103730893719,"[57.56499481201172, 58.117549896240234, 59.219451904296875, 57.97129821777344, 58.29144287109375, 58.85437774658203, 58.56013870239258]"
2025-01-15,Union Berlin,Augsburg,A,Draw,1.84,3.51,4.55,-1.0,87.3103730893719,"[55.67244338989258, 57.34601974487305, 51.841148376464844, 56.044471740722656, 54.14044952392578, 54.70083999633789, 55.19601821899414]"
2025-01-15,Stuttgart,RB Leipzig,H,Home,2.01,3.78,3.47,1.0099999999999998,88.3203730893719,"[59.05034255981445, 52.20425033569336, 53.37367248535156, 55.690940856933594, 56.58717727661133, 54.119964599609375, 55.78193283081055]"
2025-01-15,Bayern Munich,Hoffenheim,H,Home,1.12,10.12,18.51,0.1200000000000001,88.4403730893719,"[66.61006164550781, 59.79511642456055, 62.77126693725586, 64.07194519042969, 65.08038330078125, 62.67532730102539, 64.77985382080078]"
2025-01-17,Ein Frankfurt,Dortmund,H,Home,2.56,3.59,2.65,1.56,90.0003730893719,"[58.690765380859375, 58.61111831665039, 56.28015899658203, 58.3942985534668, 57.04092788696289, 57.79771041870117, 57.72282028198242]"
2025-01-18,Leverkusen,M'gladbach,H,Draw,1.27,6.22,10.05,-1.0,89.0003730893719,"[53.396446228027344, 54.96287536621094, 51.06612014770508, 54.436119079589844, 52.53681182861328, 53.37565612792969, 53.69009780883789]"
2025-01-18,Holstein Kiel,Hoffenheim,A,Away,2.9,3.6,2.35,1.35,90.3503730893719,"[63.266624450683594, 63.366943359375, 65.09720611572266, 63.259700775146484, 63.600799560546875, 64.0650634765625, 63.794044494628906]"
2025-01-18,Heidenheim,St Pauli,A,X2,2.42,3.47,2.87,0.5708044164037855,90.92117750577569,"[61.9445915222168, 64.50101470947266, 64.02659606933594, 62.4437255859375, 62.646724700927734, 64.81831359863281, 63.17854309082031]"
2025-01-18,Bayern Munich,Wolfsburg,H,Draw,1.17,8.34,14.42,-1.0,89.92117750577569,"[56.527244567871094, 57.84098434448242, 57.66542053222656, 56.79930877685547, 56.75243377685547, 57.76868438720703, 57.05988693237305]"
2025-01-18,Stuttgart,Freiburg,H,Draw,1.66,4.33,4.71,-1.0,88.92117750577569,"[55.97407913208008, 57.449893951416016, 53.95383834838867, 56.818016052246094, 55.70968246459961, 55.41793441772461, 56.108089447021484]"
2025-01-18,Bochum,RB Leipzig,D,Home,3.63,3.7,1.99,-1.0,87.92117750577569,"[57.793025970458984, 52.681488037109375, 54.01209259033203, 55.42842483520508, 55.82010269165039, 54.162078857421875, 55.44757843017578]"
2025-01-19,Werder Bremen,Augsburg,A,Away,1.86,3.72,4.09,3.09,91.01117750577569,"[56.4947624206543, 60.46966552734375, 64.01049041748047, 58.83384704589844, 59.77785110473633, 61.27469253540039, 60.213741302490234]"
2025-01-19,Union Berlin,Mainz,H,Home,2.58,3.18,2.88,1.58,92.59117750577569,"[59.433048248291016, 58.84114074707031, 58.96877670288086, 59.00019836425781, 58.684059143066406, 59.28266143798828, 59.06647872924805]"
2025-01-24,Wolfsburg,Holstein Kiel,D,1X,1.43,4.96,6.99,0.1099843505477307,92.70116185632342,"[60.61961364746094, 59.40916061401367, 57.59202194213867, 60.670555114746094, 59.24613952636719, 58.78751754760742, 59.97856903076172]"
2025-01-25,M'gladbach,Bochum,H,Home,1.72,4.08,4.49,0.72,93.42116185632342,"[62.880401611328125, 58.08524703979492, 60.80017852783203, 61.182151794433594, 61.08973693847656, 59.990291595458984, 61.13908004760742]"
2025-01-25,RB Leipzig,Leverkusen,D,1X,3.7,3.95,1.91,0.9104575163398696,94.3316193726633,"[61.76044464111328, 62.5184211730957, 58.857330322265625, 62.56238555908203, 60.83818054199219, 60.74251937866211, 61.87179183959961]"
2025-01-25,Dortmund,Werder Bremen,D,Draw,1.62,4.39,4.9,3.3899999999999997,97.7216193726633,"[59.16053009033203, 65.93441009521484, 63.158531188964844, 61.701194763183594, 60.83856964111328, 63.874305725097656, 61.96770095825195]"
2025-01-25,Freiburg,Bayern Munich,A,1X,8.55,5.6,1.32,-1.0,96.7216193726633,"[63.08203887939453, 62.74647903442383, 60.623138427734375, 63.240806579589844, 62.269622802734375, 62.59735870361328, 62.3686637878418]"
2025-01-25,Mainz,Stuttgart,H,Draw,2.84,3.5,2.44,-1.0,95.7216193726633,"[61.684898376464844, 63.52329635620117, 60.794273376464844, 62.00971984863281, 61.06763458251953, 62.00410461425781, 61.70429611206055]"
2025-01-25,Augsburg,Heidenheim,H,Away,1.9,3.62,4.05,-1.0,94.7216193726633,"[48.76755905151367, 47.66294479370117, 50.87388610839844, 48.485897064208984, 49.35704040527344, 49.5228157043457, 49.57711410522461]"
2025-01-26,St Pauli,Union Berlin,H,Away,2.5,3.14,3.01,-1.0,93.7216193726633,"[54.67443084716797, 54.60171890258789, 55.49808883666992, 54.62628173828125, 54.84345626831055, 54.83583450317383, 55.274898529052734]"
2025-01-26,Hoffenheim,Ein Frankfurt,D,Draw,3.08,3.59,2.24,2.59,96.3116193726633,"[55.08293151855469, 58.561279296875, 58.523719787597656, 56.273685455322266, 56.59888458251953, 58.050052642822266, 56.92683029174805]"
2025-01-31,Werder Bremen,Mainz,H,Draw,2.31,3.4,3.13,-1.0,95.3116193726633,"[60.0859489440918, 64.0335464477539, 60.82440185546875, 61.18450164794922, 59.99842071533203, 62.2097282409668, 61.04119873046875]"
2025-02-01,Bayern Munich,Holstein Kiel,H,Away,1.05,16.44,38.04,-1.0,94.3116193726633,"[64.94004821777344, 63.38370132446289, 66.3975830078125, 63.61073303222656, 65.49176788330078, 65.8240737915039, 65.48175048828125]"
2025-02-01,Bochum,Freiburg,A,Away,2.81,3.38,2.51,1.5099999999999998,95.8216193726633,"[53.99925994873047, 49.22016906738281, 56.23665237426758, 52.93247985839844, 54.73039627075195, 52.68696594238281, 54.11381912231445]"
2025-02-01,Heidenheim,Dortmund,A,Away,4.3,4.01,1.76,0.76,96.58161937266331,"[48.04845428466797, 47.636985778808594, 51.756614685058594, 47.7191047668457, 50.128318786621094, 50.8916130065918, 49.82194900512695]"
2025-02-01,Stuttgart,M'gladbach,A,Draw,1.57,4.62,5.05,-1.0,95.58161937266331,"[63.3643913269043, 65.85014343261719, 58.726470947265625, 64.6948471069336, 61.965572357177734, 62.28269577026367, 63.08414840698242]"
2025-02-01,Union Berlin,RB Leipzig,D,Home,3.12,3.49,2.26,-1.0,94.58161937266331,"[53.654930114746094, 52.4157829284668, 52.86302947998047, 52.6426887512207, 53.47352600097656, 52.991661071777344, 53.60341262817383]"
2025-02-01,St Pauli,Augsburg,D,Draw,2.35,3.2,3.23,2.2,96.78161937266331,"[57.95027160644531, 61.53733444213867, 60.75022506713867, 59.32279586791992, 59.691436767578125, 60.286190032958984, 60.27287673950195]"
2025-02-02,Leverkusen,Hoffenheim,H,Home,1.23,6.86,10.7,0.22999999999999998,97.01161937266332,"[64.56084442138672, 60.73479080200195, 63.9622688293457, 63.02631759643555, 63.91075897216797, 62.65312576293945, 63.69309616088867]"
2025-02-02,Ein Frankfurt,Wolfsburg,D,Home,1.96,3.82,3.59,-1.0,96.01161937266332,"[53.94947814941406, 52.010948181152344, 53.750404357910156, 53.546112060546875, 53.658390045166016, 52.9626579284668, 53.7868766784668]"
2025-02-07,Bayern Munich,Werder Bremen,H,Away,1.1,11.87,21.03,-1.0,95.01161937266332,"[59.46440124511719, 60.353878021240234, 64.43570709228516, 59.416236877441406, 61.107757568359375, 63.332706451416016, 61.20806884765625]"
2025-02-08,Hoffenheim,Union Berlin,A,Away,2.22,3.57,3.18,2.18,97.19161937266333,"[60.38676071166992, 61.5794563293457, 64.2732925415039, 60.92300796508789, 61.4845085144043, 62.244667053222656, 61.82285690307617]"
2025-02-08,Dortmund,Stuttgart,A,Home,1.89,3.92,3.84,-1.0,96.19161937266333,"[54.66727066040039, 51.6550407409668, 50.17357635498047, 53.454139709472656, 52.91192626953125, 51.50520706176758, 52.882999420166016]"
2025-02-08,Freiburg,Heidenheim,H,Away,1.73,3.93,4.65,-1.0,95.19161937266333,"[49.96006774902344, 53.91999053955078, 54.86976623535156, 51.71320724487305, 52.8358154296875, 53.45546340942383, 53.45884323120117]"
2025-02-08,Mainz,Augsburg,D,Draw,1.77,3.66,4.78,2.66,97.85161937266332,"[57.55657196044922, 57.99497604370117, 54.355796813964844, 57.81708908081055, 56.64823913574219, 55.811195373535156, 57.348201751708984]"
2025-02-08,Wolfsburg,Leverkusen,D,Draw,4.21,3.83,1.83,2.83,100.68161937266332,"[57.86677551269531, 62.34531784057617, 56.48093032836914, 59.550819396972656, 57.40361785888672, 59.5181999206543, 58.58030700683594]"
2025-02-08,M'gladbach,Ein Frankfurt,D,Home,2.59,3.64,2.59,-1.0,99.68161937266332,"[59.229713439941406, 59.18486022949219, 56.39846420288086, 58.77479934692383, 57.97560501098633, 57.8455924987793, 58.26694107055664]"
2025-02-09,Holstein Kiel,Bochum,D,Away,2.29,3.54,3.04,-1.0,98.68161937266332,"[56.06489562988281, 56.716148376464844, 59.27330780029297, 56.52748107910156, 57.26507568359375, 58.041751861572266, 57.58344650268555]"
2025-02-09,RB Leipzig,St Pauli,H,NoBet,1.57,4.31,5.56,0.0,98.68161937266332,"[58.183013916015625, 58.210079193115234, 58.89330291748047, 58.558746337890625, 58.52806854248047, 58.67988204956055, 58.95734405517578]"
2025-02-14,Augsburg,RB Leipzig,D,Away,2.97,3.39,2.43,-1.0,97.68161937266332,"[57.54821014404297, 54.425758361816406, 58.50193405151367, 55.83601379394531, 57.60621643066406, 56.40242385864258, 56.916465759277344]"
2025-02-15,Leverkusen,Bayern Munich,D,Draw,3.01,3.66,2.26,2.66,100.34161937266332,"[65.86341094970703, 66.00541687011719, 61.498497009277344, 65.24223327636719, 63.598670959472656, 64.03744506835938, 64.02054595947266]"
2025-02-15,Bochum,Dortmund,H,Draw,4.83,4.21,1.66,-1.0,99.34161937266332,"[56.18840789794922, 63.62156677246094, 60.34803771972656, 58.92216491699219, 58.16703414916992, 62.16299057006836, 59.31827926635742]"
2025-02-15,St Pauli,Freiburg,A,Away,2.56,3.21,2.92,1.92,101.26161937266332,"[61.819793701171875, 61.66167068481445, 64.29195404052734, 61.32234573364258, 62.282630920410156, 62.88564682006836, 62.46841049194336]"
2025-02-15,Union Berlin,M'gladbach,A,Away,2.27,3.54,3.11,2.11,103.37161937266332,"[62.140281677246094, 65.38053131103516, 67.30239868164062, 63.83894348144531, 63.792816162109375, 65.86400604248047, 64.45721435546875]"
2025-02-15,Stuttgart,Wolfsburg,A,NoBet,1.75,4.19,4.25,0.0,103.37161937266332,"[56.862979888916016, 55.50471878051758, 56.64440155029297, 56.87255096435547, 56.970741271972656, 55.790531158447266, 57.00485610961914]"
2025-02-16,Heidenheim,Mainz,A,Home,3.56,3.51,2.07,-1.0,102.37161937266332,"[60.1193733215332, 58.19844436645508, 53.87935256958008, 58.55536651611328, 57.10718536376953, 57.15633773803711, 57.522254943847656]"
2025-02-16,Werder Bremen,Hoffenheim,A,Away,1.89,3.96,3.74,2.74,105.11161937266331,"[56.20210266113281, 56.78728103637695, 58.427616119384766, 56.534156799316406, 56.959068298339844, 57.62826156616211, 57.22920227050781]"
2025-02-16,Ein Frankfurt,Holstein Kiel,H,Draw,1.33,5.69,8.17,-1.0,104.11161937266331,"[63.613380432128906, 63.9571647644043, 60.252525329589844, 63.71123504638672, 61.89112854003906, 61.88658142089844, 62.66347885131836]"
2025-02-21,Freiburg,Werder Bremen,H,Home,2.06,3.48,3.74,1.06,105.17161937266332,"[68.22908020019531, 61.38688278198242, 61.80553436279297, 64.64958953857422, 64.47502136230469, 62.36832809448242, 64.47161865234375]"
2025-02-22,Holstein Kiel,Leverkusen,A,Home,10.53,6.57,1.25,-1.0,104.17161937266332,"[50.774967193603516, 44.31434631347656, 48.848289489746094, 48.767730712890625, 50.23805618286133, 47.81657791137695, 50.01247787475586]"
2025-02-22,Mainz,St Pauli,H,Draw,1.8,3.57,4.73,-1.0,103.17161937266332,"[60.802467346191406, 64.07379913330078, 62.03281021118164, 61.49787902832031, 60.892059326171875, 62.46110916137695, 61.80483627319336]"
2025-02-22,M'gladbach,Augsburg,A,Away,1.84,3.79,4.19,3.1900000000000004,106.36161937266331,"[65.91969299316406, 65.88907623291016, 67.67121887207031, 66.11181640625, 65.97764587402344, 65.94744110107422, 66.3696060180664]"
2025-02-22,Wolfsburg,Bochum,D,Home,1.55,4.42,5.7,-1.0,105.36161937266331,"[56.324886322021484, 54.540809631347656, 51.73753356933594, 55.95283126831055, 54.84722137451172, 53.715003967285156, 55.32196807861328]"
2025-02-22,Dortmund,Union Berlin,H,Draw,1.55,4.46,5.59,-1.0,104.36161937266331,"[55.23763656616211, 60.09976577758789, 57.8394660949707, 57.50791931152344, 56.61634826660156, 58.1220817565918, 57.54032516479492]"
2025-02-23,Hoffenheim,Stuttgart,D,Draw,3.5,3.92,1.96,2.92,107.28161937266331,"[60.603477478027344, 65.99980926513672, 61.44072341918945, 62.14652633666992, 60.932777404785156, 63.144248962402344, 61.7520866394043]"
2025-02-23,RB Leipzig,Heidenheim,D,X2,1.35,5.37,7.98,2.2099325842696627,109.49155195693298,"[61.136505126953125, 62.905521392822266, 62.545387268066406, 62.09388732910156, 62.34026336669922, 63.31983947753906, 62.77558517456055]"
2025-02-23,Bayern Munich,Ein Frankfurt,H,Draw,1.3,6.33,8.27,-1.0,108.49155195693298,"[65.57327270507812, 67.61155700683594, 65.92701721191406, 66.07050323486328, 65.5392074584961, 66.38701629638672, 66.00813293457031]"
2025-02-28,Stuttgart,Bayern Munich,A,X2,4.85,4.29,1.67,0.20206375838926172,108.69361571532224,"[60.62254333496094, 62.27029800415039, 61.35453796386719, 61.26780700683594, 60.91696548461914, 62.713199615478516, 61.0028190612793]"
2025-03-01,Werder Bremen,Wolfsburg,A,Draw,2.65,3.53,2.59,-1.0,107.69361571532224,"[61.247772216796875, 62.93103790283203, 58.89301681518555, 61.449119567871094, 60.04460906982422, 60.88679122924805, 60.69980239868164]"
2025-03-01,Ein Frankfurt,Leverkusen,A,Home,4.58,3.92,1.74,-1.0,106.69361571532224,"[57.09724426269531, 50.11420822143555, 50.64333724975586, 54.22908020019531, 53.950687408447266, 51.94924545288086, 53.7735481262207]"
2025-03-01,St Pauli,Dortmund,A,Draw,4.12,3.73,1.87,-1.0,105.69361571532224,"[52.553688049316406, 55.93833541870117, 55.0597038269043, 53.57416915893555, 54.157554626464844, 55.88063430786133, 54.55066680908203]"
2025-03-01,Bochum,Hoffenheim,A,Home,2.43,3.57,2.83,-1.0,104.69361571532224,"[61.18568420410156, 57.9005241394043, 57.17554473876953, 59.52885437011719, 59.00474166870117, 57.84706115722656, 58.936038970947266]"
2025-03-01,Heidenheim,M'gladbach,A,Draw,3.02,3.59,2.29,-1.0,103.69361571532224,"[65.4632339477539, 69.01467895507812, 62.53190612792969, 66.66316223144531, 64.49510955810547, 66.38810729980469, 65.36988067626953]"
2025-03-01,RB Leipzig,Mainz,A,Draw,1.99,3.7,3.64,-1.0,102.69361571532224,"[56.97631072998047, 57.451560974121094, 56.371971130371094, 56.88273620605469, 56.311763763427734, 57.06071853637695, 56.917213439941406]"
2025-03-02,Union Berlin,Holstein Kiel,A,Draw,1.6,4.23,5.3,-1.0,101.69361571532224,"[66.9983139038086, 69.96361541748047, 63.55157470703125, 68.0884017944336, 65.13697814941406, 66.48656463623047, 66.62684631347656]"
2025-03-02,Augsburg,Freiburg,D,Draw,2.65,3.15,2.82,2.15,103.84361571532224,"[62.56891632080078, 64.0782241821289, 59.92754364013672, 62.54444122314453, 61.860374450683594, 62.42110061645508, 62.4378776550293]"
2025-03-07,M'gladbach,Mainz,A,Draw,2.6,3.41,2.7,-1.0,102.84361571532224,"[65.0399398803711, 65.24358367919922, 61.99848175048828, 64.7729263305664, 63.219146728515625, 63.851722717285156, 64.04121398925781]"
2025-03-08,Holstein Kiel,Stuttgart,D,Draw,5.78,4.64,1.52,3.6399999999999997,106.48361571532224,"[63.475250244140625, 67.71788787841797, 67.7015380859375, 65.91751861572266, 65.3480224609375, 67.45209503173828, 66.12793731689453]"
2025-03-08,Leverkusen,Werder Bremen,A,Home,1.26,6.22,10.53,-1.0,105.48361571532224,"[65.46443939208984, 61.354312896728516, 61.65209197998047, 63.976688385009766, 63.434288024902344, 62.0364875793457, 63.68828201293945]"
2025-03-08,Freiburg,RB Leipzig,D,Home,2.6,3.32,2.75,-1.0,104.48361571532224,"[56.56140899658203, 51.86538314819336, 52.062644958496094, 53.706382751464844, 54.34311294555664, 53.27111053466797, 54.11769485473633]"
2025-03-08,Bayern Munich,Bochum,A,Away,1.11,10.81,18.52,17.52,122.00361571532224,"[57.74909973144531, 56.35634994506836, 58.065635681152344, 57.03052520751953, 57.836463928222656, 58.0395393371582, 58.01308822631836]"
2025-03-08,Dortmund,Augsburg,A,Home,1.53,4.39,6.02,-1.0,121.00361571532224,"[57.742191314697266, 53.81392288208008, 54.817161560058594, 56.47655487060547, 56.996036529541016, 54.1921272277832, 56.540340423583984]"
2025-03-08,Wolfsburg,St Pauli,D,X2,1.76,3.72,4.79,1.0938660399529967,122.09748175527524,"[64.38611602783203, 65.52725219726562, 65.3217544555664, 65.34845733642578, 64.3559341430664, 65.61650848388672, 65.2403564453125]"
2025-03-09,Ein Frankfurt,Union Berlin,A,Draw,1.74,4.04,4.45,-1.0,121.09748175527524,"[62.29106521606445, 65.8109130859375, 60.79236602783203, 63.56057357788086, 61.91579818725586, 63.29018783569336, 62.789302825927734]"
2025-03-09,Hoffenheim,Heidenheim,D,Draw,1.77,3.98,4.31,2.98,124.07748175527524,"[57.55732345581055, 61.78486251831055, 60.236793518066406, 59.59938049316406, 58.66358184814453, 60.87356948852539, 59.58462905883789]"
2025-03-14,St Pauli,Hoffenheim,H,Draw,2.3,3.28,3.3,-1.0,123.07748175527524,"[60.38031005859375, 62.23909378051758, 58.4320068359375, 60.67890930175781, 59.900115966796875, 60.33340835571289, 60.50425338745117]"
2025-03-15,RB Leipzig,Dortmund,H,Away,2.41,3.63,2.82,-1.0,122.07748175527524,"[62.72085189819336, 58.14523696899414, 63.60601806640625, 61.03350830078125, 62.58058166503906, 61.753421783447266, 62.21160125732422]"
2025-03-15,Augsburg,Wolfsburg,H,Draw,2.6,3.29,2.81,-1.0,121.07748175527524,"[58.5791015625, 62.09790802001953, 56.80039596557617, 59.601985931396484, 58.121734619140625, 59.0311279296875, 59.1092643737793]"
2025-03-15,Union Berlin,Bayern Munich,D,Home,8.5,5.27,1.35,-1.0,120.07748175527524,"[61.28346252441406, 58.81645584106445, 58.31189727783203, 60.72887420654297, 59.84450912475586, 59.52139663696289, 59.88032913208008]"
2025-03-15,Werder Bremen,M'gladbach,A,Away,2.4,3.61,2.83,1.83,121.90748175527524,"[63.153141021728516, 66.35002899169922, 67.24695587158203, 64.4933853149414, 64.54911041259766, 66.23848724365234, 65.02628326416016]"
2025-03-15,Mainz,Freiburg,D,Draw,2.01,3.42,3.91,2.42,124.32748175527524,"[61.95029067993164, 62.71398162841797, 61.901920318603516, 61.957462310791016, 61.421329498291016, 61.99308395385742, 62.110633850097656]"
2025-03-16,Heidenheim,Holstein Kiel,H,Draw,2.02,3.59,3.64,-1.0,123.32748175527524,"[57.7586669921875, 58.96617889404297, 55.26188659667969, 57.93695068359375, 56.70713424682617, 57.66600799560547, 57.44900131225586]"
2025-03-16,Stuttgart,Leverkusen,A,Draw,3.03,3.54,2.29,-1.0,122.32748175527524,"[60.25395202636719, 68.42184448242188, 60.865875244140625, 63.404850006103516, 60.921043395996094, 64.08942413330078, 62.67576217651367]"
2025-03-16,Bochum,Ein Frankfurt,A,Home,3.09,3.6,2.24,-1.0,121.32748175527524,"[60.462066650390625, 54.61558151245117, 53.234458923339844, 57.93989562988281, 57.230743408203125, 54.68723678588867, 57.082794189453125]"
2025-03-28,Leverkusen,Bochum,H,Home,1.23,6.58,12.03,0.22999999999999998,121.55748175527525,"[61.082820892333984, 57.981449127197266, 57.160247802734375, 60.0688362121582, 59.44017791748047, 57.74961853027344, 59.70573043823242]"
2025-03-29,Bayern Munich,St Pauli,H,Away,1.14,8.67,17.25,-1.0,120.55748175527525,"[61.086822509765625, 57.78455352783203, 62.57895278930664, 60.506492614746094, 61.20921325683594, 61.23497772216797, 61.483097076416016]"
2025-03-29,Hoffenheim,Augsburg,D,Home,2.4,3.3,3.05,-1.0,119.55748175527525,"[63.29390335083008, 58.66654586791992, 56.522056579589844, 60.94584655761719, 60.363800048828125, 58.13180923461914, 60.18524169921875]"
2025-03-29,Holstein Kiel,Werder Bremen,A,Draw,3.32,3.8,2.07,-1.0,118.55748175527525,"[62.706172943115234, 65.21295166015625, 62.97306823730469, 63.4425048828125, 62.32709503173828, 64.37152862548828, 63.26405334472656]"
2025-03-29,M'gladbach,RB Leipzig,H,Away,2.9,3.57,2.37,-1.0,117.55748175527525,"[55.157493591308594, 55.279563903808594, 57.52740478515625, 55.11079406738281, 55.9525032043457, 56.419071197509766, 56.032684326171875]"
2025-03-29,Wolfsburg,Heidenheim,A,Home,1.66,4.02,5.04,-1.0,116.55748175527525,"[56.858131408691406, 50.26466751098633, 51.121070861816406, 54.47193145751953, 54.815956115722656, 51.46451187133789, 54.48801040649414]"
2025-03-29,Ein Frankfurt,Stuttgart,H,Draw,2.52,3.65,2.63,-1.0,115.55748175527525,"[63.36320114135742, 64.78958129882812, 62.692405700683594, 63.77710723876953, 62.745933532714844, 63.60922622680664, 63.42073440551758]"
2025-03-30,Freiburg,Union Berlin,A,Home,2.0,3.43,3.89,-1.0,114.55748175527525,"[63.675689697265625, 59.99251937866211, 61.86029052734375, 62.08619689941406, 62.07809829711914, 61.23129653930664, 62.21258544921875]"
2025-03-30,Dortmund,Mainz,H,Away,1.66,4.1,4.86,-1.0,113.55748175527525,"[61.01752471923828, 58.80874252319336, 66.26995086669922, 60.89240264892578, 62.86592102050781, 62.50940704345703, 62.60454177856445]"
2025-04-04,Augsburg,Bayern Munich,A,Draw,7.41,4.85,1.42,-1.0,112.55748175527525,"[65.31857299804688, 66.14371490478516, 61.7327995300293, 64.98204040527344, 64.44376373291016, 64.72327423095703, 64.27696228027344]"
2025-04-05,Werder Bremen,Ein Frankfurt,H,Away,2.64,3.67,2.51,-1.0,111.55748175527525,"[52.43107223510742, 53.12458801269531, 57.45463943481445, 52.96427917480469, 54.41533279418945, 54.84968185424805, 54.44694900512695]"
2025-04-05,RB Leipzig,Hoffenheim,H,Draw,1.54,4.53,5.57,-1.0,110.55748175527525,"[63.92875671386719, 64.14336395263672, 62.135162353515625, 63.71162033081055, 63.181671142578125, 63.49150466918945, 63.6409797668457]"
2025-04-05,Heidenheim,Leverkusen,A,Home,6.78,4.7,1.44,-1.0,109.55748175527525,"[53.9849739074707, 52.573997497558594, 52.4744873046875, 53.138572692871094, 53.48284149169922, 53.60220718383789, 53.36555099487305]"
2025-04-05,Freiburg,Dortmund,A,Away,3.07,3.53,2.27,1.27,110.82748175527524,"[60.02360534667969, 58.652217864990234, 61.97005844116211, 59.352935791015625, 61.035179138183594, 60.7558708190918, 61.09786605834961]"
2025-04-05,Bochum,Stuttgart,A,Home,3.13,3.71,2.16,-1.0,109.82748175527524,"[63.81196212768555, 62.840843200683594, 58.88182067871094, 63.057960510253906, 61.570220947265625, 60.945919036865234, 62.15079879760742]"
2025-04-05,Mainz,Holstein Kiel,D,Draw,1.44,4.72,6.92,3.7199999999999998,113.54748175527524,"[65.60809326171875, 67.81312561035156, 67.79827117919922, 66.95418548583984, 65.90814971923828, 66.99996948242188, 66.8612060546875]"
2025-04-06,St Pauli,M'gladbach,D,Draw,2.49,3.4,2.8,2.4,115.94748175527525,"[61.44734573364258, 66.95040130615234, 64.51261138916016, 63.48477554321289, 62.93354034423828, 64.91082000732422, 63.74032211303711]"
2025-04-06,Union Berlin,Wolfsburg,H,Home,2.45,3.31,2.92,1.4500000000000002,117.39748175527525,"[65.97530364990234, 59.80117416381836, 61.7342529296875, 63.87162780761719, 63.67135238647461, 60.81624221801758, 63.45491409301758]"
2025-04-11,Wolfsburg,RB Leipzig,A,Draw,2.9,3.7,2.32,-1.0,116.39748175527525,"[60.0509033203125, 61.32921600341797, 58.70832443237305, 60.08621597290039, 59.230064392089844, 60.0785026550293, 59.891746520996094]"
2025-04-12,M'gladbach,Freiburg,A,Away,2.18,3.65,3.15,2.15,118.54748175527526,"[55.5435791015625, 54.08740234375, 56.78972625732422, 55.5496826171875, 55.65843963623047, 55.350372314453125, 55.83869171142578]"
2025-04-12,Holstein Kiel,St Pauli,A,Away,3.16,3.37,2.29,1.29,119.83748175527526,"[53.25941467285156, 60.566898345947266, 65.28279876708984, 56.505889892578125, 58.20087432861328, 62.00896453857422, 58.86811447143555]"
2025-04-12,Bochum,Augsburg,A,Draw,2.46,3.34,2.9,-1.0,118.83748175527526,"[53.921417236328125, 54.331642150878906, 53.997772216796875, 53.93677520751953, 53.931175231933594, 54.24079513549805, 54.18820571899414]"
2025-04-12,Hoffenheim,Mainz,H,Draw,2.66,3.46,2.59,-1.0,117.83748175527526,"[62.80022430419922, 66.6545181274414, 63.9701042175293, 63.79604721069336, 62.74456787109375, 64.90628814697266, 63.6152458190918]"
2025-04-12,Bayern Munich,Dortmund,D,Home,1.43,5.2,6.4,-1.0,116.83748175527526,"[57.783756256103516, 56.17971420288086, 56.05353546142578, 57.06883239746094, 56.950077056884766, 56.89271545410156, 57.3221435546875]"
2025-04-12,Leverkusen,Union Berlin,D,Home,1.33,5.32,8.99,-1.0,115.83748175527526,"[53.36357498168945, 50.08757781982422, 51.08698272705078, 52.27632141113281, 52.16138458251953, 51.15669250488281, 52.28068923950195]"
2025-04-13,Ein Frankfurt,Heidenheim,H,NoBet,1.72,4.08,4.41,0.0,115.83748175527526,"[52.97392272949219, 51.969329833984375, 52.00403594970703, 52.74944305419922, 52.81522750854492, 52.506717681884766, 53.004432678222656]"
2025-04-13,Stuttgart,Werder Bremen,A,Home,1.64,4.45,4.57,-1.0,114.83748175527526,"[59.77843475341797, 58.542877197265625, 56.80683517456055, 59.216365814208984, 58.1629638671875, 58.074424743652344, 58.6801643371582]"
2025-04-19,Werder Bremen,Bochum,H,Home,1.73,4.11,4.35,0.73,115.56748175527527,"[60.42371368408203, 59.40381622314453, 55.0179443359375, 59.334434509277344, 57.91679763793945, 57.563663482666016, 58.48146057128906]"
2025-04-19,Union Berlin,Stuttgart,D,Home,2.83,3.4,2.48,-1.0,114.56748175527527,"[66.06791687011719, 64.07746887207031, 63.4859619140625, 65.0031509399414, 64.34769439697266, 63.67616653442383, 64.70626831054688]"
2025-04-19,Heidenheim,Bayern Munich,A,Home,9.41,6.18,1.28,-1.0,113.56748175527527,"[59.45627212524414, 55.967525482177734, 57.982872009277344, 58.232505798339844, 58.404335021972656, 57.818172454833984, 58.046470642089844]"
2025-04-19,Mainz,Wolfsburg,D,Away,2.02,3.65,3.53,-1.0,112.56748175527527,"[57.25382995605469, 59.958133697509766, 59.96764373779297, 58.915836334228516, 58.45661926269531, 59.29213333129883, 59.236328125]"
2025-04-19,RB Leipzig,Holstein Kiel,D,Draw,1.31,5.89,8.51,4.89,117.45748175527527,"[61.3712272644043, 63.33681106567383, 60.06898880004883, 62.205360412597656, 61.01607131958008, 61.62030792236328, 61.85403823852539]"
2025-04-19,Freiburg,Hoffenheim,H,NoBet,1.94,3.72,3.76,0.0,117.45748175527527,"[55.9352912902832, 55.68067169189453, 54.75749206542969, 55.91742706298828, 55.41157531738281, 55.21492004394531, 56.24544143676758]"
2025-04-20,Dortmund,M'gladbach,H,1X,1.41,5.25,6.6,0.1114864864864864,117.56896824176175,"[62.93321990966797, 62.90554428100586, 59.03545379638672, 62.98401641845703, 61.496429443359375, 60.74674606323242, 61.871700286865234]"
2025-04-20,St Pauli,Leverkusen,D,Away,5.15,3.85,1.67,-1.0,116.56896824176175,"[50.73686981201172, 51.021602630615234, 56.82438659667969, 51.334102630615234, 53.66960906982422, 54.561683654785156, 53.61178970336914]"
2025-04-20,Augsburg,Ein Frankfurt,D,Draw,2.58,3.36,2.72,2.36,118.92896824176175,"[66.81075286865234, 66.85126495361328, 63.45655822753906, 66.0019302368164, 65.2205810546875, 64.8550796508789, 65.32891845703125]"
2025-04-25,Stuttgart,Heidenheim,A,NoBet,1.49,4.9,5.87,0.0,118.92896824176175,"[54.762752532958984, 56.045806884765625, 55.79822540283203, 55.927406311035156, 56.000282287597656, 56.228309631347656, 56.599727630615234]"
2025-04-26,Leverkusen,Augsburg,H,1X,1.36,5.01,8.72,0.06963893249607533,118.99860717425783,"[58.71527862548828, 58.220088958740234, 57.14875411987305, 58.917484283447266, 57.7534065246582, 57.34885025024414, 58.31356430053711]"
2025-04-26,Holstein Kiel,M'gladbach,H,Away,3.06,3.86,2.15,-1.0,117.99860717425783,"[59.030460357666016, 63.32168197631836, 64.58084106445312, 61.31194305419922, 61.393348693847656, 63.488346099853516, 61.979854583740234]"
2025-04-26,Hoffenheim,Dortmund,A,Away,4.15,4.3,1.73,0.73,118.72860717425783,"[46.90965270996094, 50.28409194946289, 50.525753021240234, 48.12606430053711, 48.523597717285156, 50.4389762878418, 48.946510314941406]"
2025-04-26,Bayern Munich,Mainz,H,Home,1.22,7.12,11.36,0.21999999999999997,118.94860717425783,"[54.14959716796875, 52.55341339111328, 52.77991485595703, 53.933624267578125, 53.218406677246094, 53.541236877441406, 53.872066497802734]"
2025-04-26,Wolfsburg,Freiburg,A,Away,2.4,3.56,2.84,1.8399999999999999,120.78860717425783,"[65.33135986328125, 68.7802963256836, 71.27078247070312, 66.8235092163086, 67.51898956298828, 69.45893859863281, 67.81074523925781]"
2025-04-26,Ein Frankfurt,RB Leipzig,H,Home,2.16,3.84,3.03,1.1600000000000001,121.94860717425783,"[51.9906120300293, 49.257137298583984, 48.38542938232422, 50.634132385253906, 49.83375549316406, 49.24514389038086, 50.136505126953125]"
2025-04-27,Bochum,Union Berlin,D,Home,2.3,3.49,3.04,-1.0,120.94860717425783,"[65.20809936523438, 62.38603591918945, 63.76205062866211, 64.04119110107422, 64.0534439086914, 63.783775329589844, 63.99135971069336]"
2025-04-27,Werder Bremen,St Pauli,D,Away,1.9,3.68,3.93,-1.0,119.94860717425783,"[59.97146987915039, 65.15787506103516, 68.5152816772461, 62.0207405090332, 63.13885498046875, 66.09430694580078, 63.8000373840332]"
2025-05-02,Heidenheim,Bochum,D,Home,2.29,3.54,3.06,-1.0,118.94860717425783,"[56.45233917236328, 54.85390090942383, 53.47837448120117, 55.441558837890625, 55.40798568725586, 55.1597785949707, 55.57516860961914]"
2025-05-03,St Pauli,Stuttgart,A,Draw,2.67,3.47,2.57,-1.0,117.94860717425783,"[60.873329162597656, 62.9412956237793, 61.99020767211914, 61.682212829589844, 61.10084915161133, 61.855712890625, 61.74921798706055]"
2025-05-03,Union Berlin,Werder Bremen,D,Draw,2.72,3.42,2.56,2.42,120.36860717425783,"[59.0125732421875, 59.306217193603516, 54.43172836303711, 58.49583435058594, 56.63688278198242, 57.396141052246094, 57.42081832885742]"
2025-05-03,M'gladbach,Hoffenheim,D,Away,2.1,3.95,3.11,-1.0,119.36860717425783,"[57.09856414794922, 56.83955764770508, 58.617000579833984, 57.309600830078125, 57.065433502197266, 57.571834564208984, 57.5385627746582]"
2025-05-03,RB Leipzig,Bayern Munich,D,Home,4.49,4.57,1.64,-1.0,118.36860717425783,"[60.852909088134766, 57.26130676269531, 57.072811126708984, 59.28450012207031, 58.67060852050781, 57.923221588134766, 58.41919708251953]"
2025-05-03,Dortmund,Wolfsburg,H,1X,1.32,5.97,7.96,0.08098765432098776,118.44959482857882,"[43.82389831542969, 43.116825103759766, 40.75149154663086, 44.19663619995117, 43.081451416015625, 41.93515396118164, 43.72289276123047]"
2025-05-04,Augsburg,Holstein Kiel,A,Away,1.84,3.76,4.14,3.1399999999999997,121.58959482857883,"[65.28330993652344, 68.20381927490234, 68.59258270263672, 66.47216033935547, 66.3294448852539, 67.6806640625, 66.94044494628906]"
2025-05-04,Freiburg,Leverkusen,D,Home,3.08,3.51,2.27,-1.0,120.58959482857883,"[60.580055236816406, 59.10240936279297, 59.78656768798828, 59.61207580566406, 59.90473556518555, 60.0003547668457, 60.23455810546875]"
2025-05-04,Mainz,Ein Frankfurt,D,Draw,2.38,3.64,2.82,2.64,123.22959482857883,"[59.697147369384766, 61.79505920410156, 57.910308837890625, 60.17167663574219, 59.09366989135742, 59.45955276489258, 59.63007736206055]"
2025-05-09,Wolfsburg,Hoffenheim,D,Draw,2.29,3.7,2.94,2.7,125.92959482857883,"[57.93939971923828, 59.891754150390625, 56.21831130981445, 58.408111572265625, 57.39140701293945, 58.44144821166992, 58.05836868286133]"
2025-05-10,Bayern Munich,M'gladbach,H,Home,1.16,9.49,12.4,0.15999999999999992,126.08959482857883,"[52.29863357543945, 51.36071014404297, 48.631385803222656, 52.2510986328125, 50.8904914855957, 50.38996505737305, 51.57403564453125]"
2025-05-10,Werder Bremen,RB Leipzig,D,Away,2.36,3.68,2.82,-1.0,125.08959482857883,"[61.469329833984375, 59.303043365478516, 62.037391662597656, 60.5228157043457, 60.73149871826172, 60.72714614868164, 60.92546081542969]"
2025-05-10,Union Berlin,Heidenheim,A,Away,2.19,3.47,3.28,2.28,127.36959482857883,"[55.08032989501953, 53.73877716064453, 57.883331298828125, 54.865692138671875, 56.239280700683594, 55.488346099853516, 56.14144515991211]"
2025-05-10,Holstein Kiel,Freiburg,A,Draw,3.21,3.8,2.09,-1.0,126.36959482857883,"[58.31416320800781, 64.67447662353516, 59.73598861694336, 60.67098617553711, 59.05577850341797, 61.56521224975586, 60.18191146850586]"
2025-05-10,Bochum,Mainz,A,Draw,2.95,3.68,2.27,-1.0,125.36959482857883,"[52.972476959228516, 54.839988708496094, 52.084651947021484, 53.713722229003906, 52.37440872192383, 53.76376724243164, 53.192752838134766]"
2025-05-11,Stuttgart,Augsburg,H,Home,1.55,4.46,5.47,0.55,125.91959482857882,"[58.13008117675781, 56.60965347290039, 54.505157470703125, 58.103580474853516, 57.14704132080078, 56.26847457885742, 57.690040588378906]"
2025-05-11,Leverkusen,Dortmund,A,Draw,2.65,3.94,2.39,-1.0,124.91959482857882,"[61.82099533081055, 64.20020294189453, 60.72357177734375, 62.453887939453125, 61.01108169555664, 62.109867095947266, 61.96334457397461]"
2025-05-11,Ein Frankfurt,St Pauli,D,Draw,1.52,4.49,5.96,3.49,128.40959482857883,"[54.661033630371094, 57.74827194213867, 52.0731086730957, 55.85551452636719, 53.62694549560547, 54.88461685180664, 54.79988479614258]"
2025-05-17,Augsburg,Union Berlin,A,Draw,2.08,3.47,3.52,-1.0,127.40959482857883,"[57.23516082763672, 58.80055618286133, 58.21929168701172, 57.98207092285156, 57.49043273925781, 58.35466384887695, 58.024105072021484]"
2025-05-17,RB Leipzig,Stuttgart,A,Home,1.99,4.24,3.19,-1.0,126.40959482857883,"[55.981239318847656, 49.96585464477539, 50.97135543823242, 53.87784957885742, 53.7818603515625, 51.605525970458984, 53.454803466796875]"
2025-05-17,Dortmund,Holstein Kiel,H,Home,1.08,12.72,21.58,0.08000000000000007,126.48959482857883,"[54.015869140625, 50.877506256103516, 51.53763961791992, 51.98679733276367, 52.684226989746094, 51.640132904052734, 52.6154670715332]"
2025-05-17,Freiburg,Ein Frankfurt,A,Away,2.37,3.72,2.76,1.7599999999999998,128.24959482857884,"[53.25252151489258, 55.410579681396484, 56.17678451538086, 54.22190475463867, 54.698280334472656, 55.76923751831055, 54.98942565917969]"
2025-05-17,Heidenheim,Werder Bremen,A,Home,2.3,3.87,2.78,-1.0,127.24959482857884,"[59.851417541503906, 57.41482162475586, 57.70032501220703, 58.279640197753906, 58.43077087402344, 58.18391799926758, 58.548851013183594]"
2025-05-17,Hoffenheim,Bayern Munich,A,Draw,5.11,5.23,1.5,-1.0,126.24959482857884,"[49.5703125, 53.017032623291016, 48.87128448486328, 50.43303680419922, 49.28297424316406, 51.2622184753418, 49.99393081665039]"
2025-05-17,Mainz,Leverkusen,D,Home,2.18,3.94,2.94,-1.0,125.24959482857884,"[50.4813232421875, 49.52571487426758, 47.84135055541992, 50.036128997802734, 49.117027282714844, 49.44577407836914, 49.70172882080078]"
2025-05-17,St Pauli,Bochum,A,Draw,1.67,4.2,4.68,-1.0,124.24959482857884,"[55.064857482910156, 57.03105545043945, 57.01607894897461, 56.26100540161133, 56.17430877685547, 56.58753967285156, 56.83684539794922]"
2025-05-17,M'gladbach,Wolfsburg,A,Away,2.19,4.23,2.79,1.79,126.03959482857884,"[54.25445556640625, 56.85836410522461, 61.37102508544922, 55.91108703613281, 56.65852355957031, 58.779972076416016, 57.00443649291992]"
